title,date,link,tag
Bitcoin App Bottle Pay Shuts Down Over Impending EU Money-Laundering Laws,"Dec 13, 2019",/web/20191231154441/https://www.coindesk.com/bitcoin-app-bottle-pay-shuts-down-over-impending-eu-money-laundering-laws,Regulation
Netherlands Plans to Punish Crypto Scammers With Up to 6 Years in Jail,"Dec 12, 2019",/web/20191231154441/https://www.coindesk.com/netherlands-plans-to-punish-crypto-scammers-with-up-to-6-years-in-jail,Crime
"SEC Taking ‘Measured’ Approach to Digital Asset Regulation, Jay Clayton Tells Senate Committee","Dec 11, 2019",/web/20191231154441/https://www.coindesk.com/sec-taking-measured-approach-to-digital-asset-regulation-jay-clayton-tells-senate-committee,Regulation
China’s SEC May Soon Have a Crypto-Savvy Department Chief: Report,"Dec 11, 2019",/web/20191231154441/https://www.coindesk.com/chinas-sec-may-soon-have-a-crypto-savvy-department-chief-report,Regulation
FinCEN Sees Jump in Crypto-Related Suspicious Activity Reports,"Dec 10, 2019",/web/20191231154441/https://www.coindesk.com/fincen-sees-jump-in-crypto-related-suspicious-activity-reports,FinCEN
"Mnuchin ‘Fine’ With Libra Launch, But Crypto Project Must ‘Fully’ Comply With AML Rules","Dec 6, 2019",/web/20191231154441/https://www.coindesk.com/mnuchin-fine-with-libra-launch-but-crypto-project-must-fully-comply-with-aml-rules,Regulation
"Top US Financial Regulators Urge Monitoring of Digital Assets, Stablecoins","Dec 5, 2019",/web/20191231154441/https://www.coindesk.com/top-us-financial-regulators-urge-monitoring-of-digital-assets-stablecoins,Regulation
The SEC Has a New Chief Crypto Cop,"Dec 3, 2019",/web/20191231154441/https://www.coindesk.com/the-sec-has-a-new-chief-crypto-cop,Regulation
Sri Lanka’s Central Bank Calls for Blockchain-Based KYC Proposals,"Dec 2, 2019",/web/20191231154441/https://www.coindesk.com/sri-lankas-central-bank-calls-for-blockchain-based-kyc-proposals,Regulation
New York Governor Proposes Giving Financial Watchdog More Teeth,"Jan 9, 2020",/web/20200112060319/https://www.coindesk.com/new-york-governor-proposes-giving-financial-watchdog-more-teeth,Regulation
Former Bakkt CEO to Help Oversee CFTC in Congress,"Jan 8, 2020",/web/20200112060319/https://www.coindesk.com/former-bakkt-ceo-to-help-oversee-cftc-in-congress,Regulation
"Law Enforcement Data Requests Rose by Almost 50 Percent in 2019, Says Kraken","Jan 7, 2020",/web/20200112060319/https://www.coindesk.com/law-enforcement-data-requests-rose-by-almost-50-in-2019-says-kraken,Exchanges
Gemini’s Head of Risk on How Crypto Beats Traditional Finance,"Jan 7, 2020",/web/20200112060319/https://www.coindesk.com/geminis-head-of-risk-on-how-crypto-beats-traditional-finance,Year in Review 2019
South Korean Presidential Committee Wants to Bring Crypto Into Mainstream Finance,"Jan 6, 2020",/web/20200112060319/https://www.coindesk.com/south-korean-presidential-commission-wants-to-bring-crypto-into-mainstream-finance,Derivatives
Closer Look at SEC ‘Accredited Investor’ Revamp Suggests Little Will Change,"Jan 6, 2020",/web/20200112060319/https://www.coindesk.com/closer-look-at-sec-accredited-investor-revamp-suggests-little-will-change,SEC
Crypto Custodians Grapple With Germany’s New Rules,"Dec 26, 2019",/web/20200112060319/https://www.coindesk.com/crypto-custodians-grapple-with-germanys-new-rules,Germany
Crypto Firms Can Now Apply for a License in France,"Dec 26, 2019",/web/20200112060319/https://www.coindesk.com/crypto-firms-can-now-apply-for-a-license-in-france,Regulation
French Financial Watchdog Approves First ICO Under New ‘Visa’ Scheme,"Dec 20, 2019",/web/20200112060319/https://www.coindesk.com/french-financial-watchdog-approves-first-ico-under-new-visa-scheme,France
European Crypto Firms Brace for Higher Costs as AMLD5 Takes Effect,"Jan 10, 2020",/web/20200116013420/https://www.coindesk.com/european-crypto-firms-brace-for-higher-costs-as-amld5-takes-effect,Regulation
ESMA Wants to Create ‘Sound Legal Framework’ for Cryptocurrencies in 2020,"Jan 9, 2020",/web/20200116013420/https://www.coindesk.com/esma-wants-to-create-sound-legal-framework-for-cryptocurrencies-in-2020,Regulation
New York Governor Proposes Giving Financial Watchdog More Teeth,"Jan 9, 2020",/web/20200116013420/https://www.coindesk.com/new-york-governor-proposes-giving-financial-watchdog-more-teeth,Regulation
Former Bakkt CEO to Help Oversee CFTC in Congress,"Jan 8, 2020",/web/20200116013420/https://www.coindesk.com/former-bakkt-ceo-to-help-oversee-cftc-in-congress,Regulation
"Law Enforcement Data Requests Rose by Almost 50 Percent in 2019, Says Kraken","Jan 7, 2020",/web/20200116013420/https://www.coindesk.com/law-enforcement-data-requests-rose-by-almost-50-in-2019-says-kraken,Exchanges
Gemini’s Head of Risk on How Crypto Beats Traditional Finance,"Jan 7, 2020",/web/20200116013420/https://www.coindesk.com/geminis-head-of-risk-on-how-crypto-beats-traditional-finance,Year in Review 2019
South Korean Presidential Committee Wants to Bring Crypto Into Mainstream Finance,"Jan 6, 2020",/web/20200116013420/https://www.coindesk.com/south-korean-presidential-commission-wants-to-bring-crypto-into-mainstream-finance,Derivatives
Closer Look at SEC ‘Accredited Investor’ Revamp Suggests Little Will Change,"Jan 6, 2020",/web/20200116013420/https://www.coindesk.com/closer-look-at-sec-accredited-investor-revamp-suggests-little-will-change,SEC
Crypto Custodians Grapple With Germany’s New Rules,"Dec 26, 2019",/web/20200116013420/https://www.coindesk.com/crypto-custodians-grapple-with-germanys-new-rules,Germany
South Korea Considers 20% Crypto Income Tax,"Jan 20, 2020",/web/20200124070127/https://www.coindesk.com/south-korea-considers-20-crypto-tax,Tax
Coinbase-Led Crypto Ratings Council Plans Transparency Boost as New Members Join,"Jan 16, 2020",/web/20200124070127/https://www.coindesk.com/coinbase-led-crypto-ratings-council-boosts-membership-plans-to-share-asset-rating-framework,Crypto Ratings Council
"Regulated Derivatives Will ‘Legitimize’ Crypto, Says CFTC Chair","Jan 14, 2020",/web/20200124070127/https://www.coindesk.com/regulated-derivatives-will-legitimize-crypto-says-cftc-chair,Regulation
Japan’s Financial Watchdog to Set Low Leverage Cap for Crypto Margin Traders: Report,"Jan 13, 2020",/web/20200124070127/https://www.coindesk.com/japans-financial-watchdog-to-set-low-leverage-cap-for-crypto-margin-traders-report,Margin Trading
ANALYSIS: The Global Game of Coins Heats Up,"Jan 10, 2020",/web/20200124070127/https://www.coindesk.com/analysis-the-global-game-of-coins-heats-up,Podcasts
SEC Seeks $16M From ICOBox for Unregistered Token Sale,"Jan 10, 2020",/web/20200124070127/https://www.coindesk.com/sec-seeks-16m-from-icobox-for-unregistered-token-sale,ICOBox
US Lawmakers Call on Communications Regulator to Tackle SIM-Swapping Crime,"Jan 10, 2020",/web/20200124070127/https://www.coindesk.com/us-lawmakers-call-on-communications-regulator-to-tackle-sim-swapping-crime,Crime
European Crypto Firms Brace for Higher Costs as AMLD5 Takes Effect,"Jan 10, 2020",/web/20200124070127/https://www.coindesk.com/european-crypto-firms-brace-for-higher-costs-as-amld5-takes-effect,Regulation
ESMA Wants to Create ‘Sound Legal Framework’ for Cryptocurrencies in 2020,"Jan 9, 2020",/web/20200124070127/https://www.coindesk.com/esma-wants-to-create-sound-legal-framework-for-cryptocurrencies-in-2020,Regulation
UK Finance Watchdog Warns Against ‘Unauthorized’ Crypto Exchange BitMEX,"Mar 5, 2020",/web/20200312012109/https://www.coindesk.com/uk-finance-watchdog-warns-against-unauthorized-crypto-exchange-bitmex,BitMEX
Crypto Exchange Huobi’s DeFi-Focused Blockchain Released in Public Beta,"Mar 2, 2020",/web/20200312012109/https://www.coindesk.com/crypto-exchange-huobis-defi-focused-blockchain-released-in-public-beta,Huobi
Steven Seagal Settles Token-Touting Charges With SEC Over 2018 ICO,"Feb 27, 2020",/web/20200312012109/https://www.coindesk.com/steven-seagal-settles-token-touting-charges-with-sec-over-2018-ico,SEC
Malta’s Financial Watchdog Highlights Obstacles to Security Tokens After Industry Consultation,"Feb 26, 2020",/web/20200312012109/https://www.coindesk.com/maltas-financial-watchdog-highlights-obstacles-to-security-tokens-after-industry-consultation,Malta
CoolBitX Raises $16.7M to Make Crypto More Bank-Friendly,"Feb 25, 2020",/web/20200312012109/https://www.coindesk.com/coolbitx-raises-16-7m-to-make-crypto-more-bank-friendly,Travel Rule
G-20 Urges Countries to Adopt Tough FATF Rules on Cryptocurrencies,"Feb 24, 2020",/web/20200312012109/https://www.coindesk.com/g20-urges-countries-to-adopt-tough-fatf-rules-on-cryptocurrencies,G-20
‘Crucial’ for Central Banks to Consider Digital Currencies: Bank of England Exec,"Feb 24, 2020",/web/20200312012109/https://www.coindesk.com/crucial-for-central-banks-to-consider-digital-currencies-bank-of-england-exec,CBDCs
"Binance Is Not Under Our Jurisdiction, Says Malta Regulator","Feb 21, 2020",/web/20200312012109/https://www.coindesk.com/binance-is-not-under-our-jurisdiction-says-malta-regulator,Binance
Hester Peirce: Tell Me How to Improve My Safe Harbor Proposal,"Feb 18, 2020",/web/20200312012109/https://www.coindesk.com/hester-peirce-tell-me-how-to-improve-my-safe-harbor-proposal,Regulation
The Dangerous Truth About India’s Cryptocurrency Verdict,"Mar 7, 2020",/web/20200313165122/https://www.coindesk.com/the-dangerous-truth-about-indias-cryptocurrency-verdict,Opinion
India’s Central Bank Plans to Fight Supreme Court Crypto Ruling,"Mar 6, 2020",/web/20200313165122/https://www.coindesk.com/indias-central-bank-plans-to-fight-supreme-court-crypto-ruling,India
How the Bitcoin Market Changed Since 2017’s Bull Run,"Mar 5, 2020",/web/20200313165122/https://www.coindesk.com/how-the-bitcoin-market-changed-since-2017s-bull-run,Bitcoin
UK Finance Watchdog Warns Against ‘Unauthorized’ Crypto Exchange BitMEX,"Mar 5, 2020",/web/20200313165122/https://www.coindesk.com/uk-finance-watchdog-warns-against-unauthorized-crypto-exchange-bitmex,BitMEX
Crypto Exchange Huobi’s DeFi-Focused Blockchain Released in Public Beta,"Mar 2, 2020",/web/20200313165122/https://www.coindesk.com/crypto-exchange-huobis-defi-focused-blockchain-released-in-public-beta,Huobi
Steven Seagal Settles Token-Touting Charges With SEC Over 2018 ICO,"Feb 27, 2020",/web/20200313165122/https://www.coindesk.com/steven-seagal-settles-token-touting-charges-with-sec-over-2018-ico,SEC
Malta’s Financial Watchdog Highlights Obstacles to Security Tokens After Industry Consultation,"Feb 26, 2020",/web/20200313165122/https://www.coindesk.com/maltas-financial-watchdog-highlights-obstacles-to-security-tokens-after-industry-consultation,Malta
CoolBitX Raises $16.7M to Make Crypto More Bank-Friendly,"Feb 25, 2020",/web/20200313165122/https://www.coindesk.com/coolbitx-raises-16-7m-to-make-crypto-more-bank-friendly,Travel Rule
G-20 Urges Countries to Adopt Tough FATF Rules on Cryptocurrencies,"Feb 24, 2020",/web/20200313165122/https://www.coindesk.com/g20-urges-countries-to-adopt-tough-fatf-rules-on-cryptocurrencies,G-20
Hawaii Hints It May Relax Onerous Rule to Lure Crypto Firms,"Mar 18, 2020",/web/20200329060643/https://www.coindesk.com/hawaii-hints-it-may-relax-onerous-rule-to-lure-crypto-firms,Regulation
Canada’s Financial Crimes Watchdog Gets Ready for FATF Compliance,"Mar 18, 2020",/web/20200329060643/https://www.coindesk.com/canadas-financial-crimes-watchdog-gets-ready-for-fatf-compliance,Canada
Overstock Hit by Two More SEC Subpoenas in December,"Mar 17, 2020",/web/20200329060643/https://www.coindesk.com/overstock-hit-by-two-more-sec-subpoenas-in-december,Overstock
SEC Proposal Could (Eventually) Unleash Security Token Sales,"Mar 16, 2020",/web/20200329060643/https://www.coindesk.com/sec-proposal-could-eventually-unleash-security-token-sales,SEC
Crypto Payments Firm Halts Operations Citing Singapore’s New Regulatory Regime,"Mar 13, 2020",/web/20200329060643/https://www.coindesk.com/crypto-payments-firm-halts-operations-citing-singapores-new-regulatory-regime,Singapore
New York Regulator Tells Crypto Firms to Develop Coronavirus Contingency Plans,"Mar 13, 2020",/web/20200329060643/https://www.coindesk.com/new-york-regulator-tells-crypto-firms-to-develop-coronavirus-contingency-plans,Coronavirus
French Financial Regulator Suggests Europewide Security Token Sandbox,"Mar 12, 2020",/web/20200329060643/https://www.coindesk.com/french-financial-regulator-suggests-europe-wide-security-token-sandbox,Regulation
"The Cryptocurrency Act of 2020 Is ‘Dead on Arrival,’ Washington Tells Sponsors","Mar 10, 2020",/web/20200329060643/https://www.coindesk.com/the-cryptocurrency-act-of-2020-is-dead-on-arrival-washington-dc-tells-sponsors,Regulation
tZero-Affiliated Firm Hopes SEC Will Pass Updated Proposal for Security Token Platform,"Mar 9, 2020",/web/20200329060643/https://www.coindesk.com/tzero-affiliated-firm-hopes-sec-will-pass-updated-proposal-for-security-token-platform,Regulation
Kik Backs Away From Jury Trial Request in SEC Fight Over $100M Token Sale,"Mar 23, 2020",/web/20200330164603/https://www.coindesk.com/kik-backs-away-from-jury-trial-request-in-sec-fight-over-100m-token-sale,SEC
Hawaii Hints It May Relax Onerous Rule to Lure Crypto Firms,"Mar 18, 2020",/web/20200330164603/https://www.coindesk.com/hawaii-hints-it-may-relax-onerous-rule-to-lure-crypto-firms,Regulation
Canada’s Financial Crimes Watchdog Gets Ready for FATF Compliance,"Mar 18, 2020",/web/20200330164603/https://www.coindesk.com/canadas-financial-crimes-watchdog-gets-ready-for-fatf-compliance,Canada
Overstock Hit by Two More SEC Subpoenas in December,"Mar 17, 2020",/web/20200330164603/https://www.coindesk.com/overstock-hit-by-two-more-sec-subpoenas-in-december,Overstock
SEC Proposal Could (Eventually) Unleash Security Token Sales,"Mar 16, 2020",/web/20200330164603/https://www.coindesk.com/sec-proposal-could-eventually-unleash-security-token-sales,SEC
Crypto Payments Firm Halts Operations Citing Singapore’s New Regulatory Regime,"Mar 13, 2020",/web/20200330164603/https://www.coindesk.com/crypto-payments-firm-halts-operations-citing-singapores-new-regulatory-regime,Singapore
New York Regulator Tells Crypto Firms to Develop Coronavirus Contingency Plans,"Mar 13, 2020",/web/20200330164603/https://www.coindesk.com/new-york-regulator-tells-crypto-firms-to-develop-coronavirus-contingency-plans,Coronavirus
French Financial Regulator Suggests Europewide Security Token Sandbox,"Mar 12, 2020",/web/20200330164603/https://www.coindesk.com/french-financial-regulator-suggests-europe-wide-security-token-sandbox,Regulation
"The Cryptocurrency Act of 2020 Is ‘Dead on Arrival,’ Washington Tells Sponsors","Mar 10, 2020",/web/20200330164603/https://www.coindesk.com/the-cryptocurrency-act-of-2020-is-dead-on-arrival-washington-dc-tells-sponsors,Regulation
"Huobi Exchange Plots Return to US Crypto Market as Soon as This Month, Exec Says","Apr 8, 2020",/web/20200420044505/https://www.coindesk.com/huobi-exchange-plots-return-to-us-crypto-market-as-soon-as-this-month-exec-says,Huobi
Why Are Crypto Companies Going to Abu Dhabi?,"Apr 3, 2020",/web/20200420044505/https://www.coindesk.com/why-are-crypto-companies-going-to-abu-dhabi,Regulation
FATF Says US ‘Largely Compliant’ With Virtual Currency Recommendations,"Apr 2, 2020",/web/20200420044505/https://www.coindesk.com/fatf-says-us-largely-compliant-with-virtual-currency-recommendations,Regulation
Telegram Hopes It Can Still Sell Tokens to Non-US Investors After Court Ruling,"Mar 30, 2020",/web/20200420044505/https://www.coindesk.com/telegram-hopes-it-can-still-sell-tokens-to-non-us-investors-after-court-ruling,Telegram
US County Extends Rule Making Bitcoin Mining Firms Invest in Renewable Energy,"Mar 27, 2020",/web/20200420044505/https://www.coindesk.com/us-county-officials-mull-making-existing-bitcoin-mining-controls-permanent,Mining
"Singapore Temporarily Exempts Crypto Firms, Including Coinbase, From New Licensing Regime","Mar 27, 2020",/web/20200420044505/https://www.coindesk.com/singapore-temporarily-exempts-crypto-firms-including-coinbase-from-new-licensing-regime,Coinbase
"Global Stablecoins May Be Subject to Securities Regulation, Says IOSCO","Mar 25, 2020",/web/20200420044505/https://www.coindesk.com/global-stablecoins-may-be-subject-to-securities-regulation-says-iosco,Stablecoins
"Russian Prime Minister Introduces Bill to Allow Fintech Sandboxes, Blockchain Included","Mar 24, 2020",/web/20200420044505/https://www.coindesk.com/russian-prime-minister-introduces-bill-to-allow-fintech-sandboxes-blockchain-included,Russia
Kik Backs Away From Jury Trial Request in SEC Fight Over $100M Token Sale,"Mar 23, 2020",/web/20200420044505/https://www.coindesk.com/kik-backs-away-from-jury-trial-request-in-sec-fight-over-100m-token-sale,SEC
"Telegram’s Fight Against SEC Will Help Push Cryptocurrency Legislation, Says Trade Group","Apr 9, 2020",/web/20200425051502/https://www.coindesk.com/telegrams-fight-against-sec-will-help-push-cryptocurrency-legislation-says-trade-group,Blockchain Association
CoinShares Hires WisdomTree Exec as Company Plans Expansion Outside UK,"Apr 9, 2020",/web/20200425051502/https://www.coindesk.com/coinshares-hires-wisdomtree-exec-as-company-plans-expansion-outside-uk,CoinShares
"Huobi Exchange Plots Return to US Crypto Market as Soon as This Month, Exec Says","Apr 8, 2020",/web/20200425051502/https://www.coindesk.com/huobi-exchange-plots-return-to-us-crypto-market-as-soon-as-this-month-exec-says,Huobi
Why Are Crypto Companies Going to Abu Dhabi?,"Apr 3, 2020",/web/20200425051502/https://www.coindesk.com/why-are-crypto-companies-going-to-abu-dhabi,Regulation
FATF Says US ‘Largely Compliant’ With Virtual Currency Recommendations,"Apr 2, 2020",/web/20200425051502/https://www.coindesk.com/fatf-says-us-largely-compliant-with-virtual-currency-recommendations,Regulation
Telegram Hopes It Can Still Sell Tokens to Non-US Investors After Court Ruling,"Mar 30, 2020",/web/20200425051502/https://www.coindesk.com/telegram-hopes-it-can-still-sell-tokens-to-non-us-investors-after-court-ruling,Telegram
US County Extends Rule Making Bitcoin Mining Firms Invest in Renewable Energy,"Mar 27, 2020",/web/20200425051502/https://www.coindesk.com/us-county-officials-mull-making-existing-bitcoin-mining-controls-permanent,Mining
"Singapore Temporarily Exempts Crypto Firms, Including Coinbase, From New Licensing Regime","Mar 27, 2020",/web/20200425051502/https://www.coindesk.com/singapore-temporarily-exempts-crypto-firms-including-coinbase-from-new-licensing-regime,Coinbase
"Global Stablecoins May Be Subject to Securities Regulation, Says IOSCO","Mar 25, 2020",/web/20200425051502/https://www.coindesk.com/global-stablecoins-may-be-subject-to-securities-regulation-says-iosco,Stablecoins
"Irish Crypto Firms Squeezed by Bank Account Closures, Regulatory Delays","May 6, 2020",/web/20200527161124/https://www.coindesk.com/irish-banks-are-putting-the-squeeze-on-crypto-companies,Ireland
Iran Issues License for Nation’s Biggest Bitcoin Mining Operation,"May 5, 2020",/web/20200527161124/https://www.coindesk.com/iran-issues-license-for-nations-biggest-bitcoin-mining-operation,Mining
"BitMEX Restricts Access to Japanese Residents, Citing Changes to Local Law","May 4, 2020",/web/20200527161124/https://www.coindesk.com/bitmex-restricts-access-japanese-residents-citing-changes-local-law,BitMEX
Why Crypto Exchange OKCoin Jumped Through Hoops to Get Licensed in Japan,"May 1, 2020",/web/20200527161124/https://www.coindesk.com/crypto-exchange-okcoin-licensed-japan-fsa-institutional-investors,Licensing
The Netherlands’ AMLD5 Interpretation Appears to Be Killing Crypto Firms,"Apr 27, 2020",/web/20200527161124/https://www.coindesk.com/netherlands-amld5-regulations-hurting-bitcoin-firms,Anti-Money Laundering
Bittrex Exec Joins Mortgage Giant Fannie Mae After Crypto Exchange’s Brush With NYDFS,"Apr 21, 2020",/web/20200527161124/https://www.coindesk.com/bittrex-exec-joins-mortgage-giant-fannie-mae-after-crypto-exchanges-brush-with-nydfs,Compliance
Blockchain Now Officially Part of China’s Technology Strategy,"Apr 20, 2020",/web/20200527161124/https://www.coindesk.com/blockchain-now-officially-part-of-chinas-technology-strategy,China
US Lawmaker Calls Libra’s Revamp Insufficient,"Apr 17, 2020",/web/20200527161124/https://www.coindesk.com/us-lawmaker-calls-libras-revamp-insufficient,Libra
EPAM Joins Effort to Help Cryptocurrency Exchanges Comply With FATF ‘Travel Rule’,"Apr 16, 2020",/web/20200527161124/https://www.coindesk.com/epam-joins-effort-to-help-cryptocurrency-exchanges-comply-with-fatf-travel-rule,Regulation
