year_month,title,link,snippet
2015-09,UK Shadow Minister Outlines Bitcoin's Potential for Disruption,https://web.archive.org/web/20150908062252/http://www.coindesk.com/uk-shadow-minister-outlines-bitcoins-potential-disruption/,The UK's shadow minister for digital government believes bitcoin could take power away from big banks and put it back in the hands of consumers.
2015-09,Bank of Canada Keeping 'Close Eye' on Digital Currencies,https://web.archive.org/web/20150908062252/http://www.coindesk.com/bank-canada-keeping-close-eye-digital-currencies/,The Bank of Canada says it's “keeping a close eye” on risks posed by new forms of electronic money.
2015-09,French Regulators Focus On Bitcoin's Risks Instead of Its Rewards,https://web.archive.org/web/20150908062252/http://www.coindesk.com/french-regulators-focus-bitcoins-risks-instead-rewards/,A recent conference in France made it clear that the country's regulators are more skeptical than optimistic about bitcoin.
2015-09,"Core Devs, Bankers and the FBI: What Not to Miss at Consensus 2015",https://web.archive.org/web/20150908062252/http://www.coindesk.com/core-devs-bankers-and-the-fbi-what-not-to-miss-at-consensus-2015/,
2015-09,Why Bitcoin Creates a Voluntary Tax System,https://web.archive.org/web/20150908062252/http://www.coindesk.com/why-bitcoin-creates-a-voluntary-tax-system/,
2015-09,Why the Future of Bitcoin Lies in Europe,https://web.archive.org/web/20150908062252/http://www.coindesk.com/why-the-future-of-bitcoin-lies-in-europe/,
2015-09,Bitcoin in the Headlines: Queen of the Blockchain,https://web.archive.org/web/20150908062252/http://www.coindesk.com/bitcoin-in-the-headlines-queen-of-the-blockchain/,
2015-09,Sync.com Now Accepts Bitcoin For Encrypted Cloud Storage and File Sharing,https://web.archive.org/web/20150908062252/http://www.coindesk.com/press-releases/sync-com-accepts-bitcoin-encrypted-cloud-storage/,
2015-09,Ex-Coinbase Compliance Exec: Basic Questions Still Hold Back Bitcoin,https://web.archive.org/web/20150907184618/http://www.coindesk.com/ex-coinbase-compliance-officer-basic-questions-still-hold-back-bitcoin/,CoinDesk speaks to ex-Coinbase CCO Martine Niejadlik regarding the state of compliance and regulation in the digital currency industry.
2015-09,Canadian Senate Panel Calls for 'Light Touch' Bitcoin Regulation,https://web.archive.org/web/20150907184618/http://www.coindesk.com/canadian-senate-panel-calls-for-light-touch-bitcoin-regulation/,"A report published by the Canadian Standing Senate Committee on Banking, Trade and Commerce has called for a regulatory ""light touch"" on bitcoin."
2015-09,Bitcoin in the Headlines: US Teen Sparks ISIL Media Frenzy,https://web.archive.org/web/20150907184618/http://www.coindesk.com/bitcoin-in-the-headlines-us-teen-sparks-isil-media-frenzy/,"Bitcoin has been scrutinised in the past, but this week's criticism took a rather unexpected – and perhaps questionable – sense of humour."
2015-09,Russia's Central Bank Meets With Finance Reps for Bitcoin Talks,https://web.archive.org/web/20150907184618/http://www.coindesk.com/russias-central-bank-meets-with-finance-reps-for-bitcoin-talks/,"Russia's central bank will meet representatives from the financial markets to discuss bitcoin regulation next week, a local news source claims."
2015-09,Bitcoin Supporters Should Take a Page Out of the Uber Playbook,https://web.archive.org/web/20150907184618/http://www.coindesk.com/bitcoin-supporters-should-follow-uber-playbook/,Angel investor Joe Maristela explores what people in the bitcoin space can learn from regulatory developments in the Philippines surrounding Uber.
2015-09,Bitcoin Regulation Bill Approved by Californian State Assembly,https://web.archive.org/web/20150907184618/http://www.coindesk.com/bitcoin-regulation-bill-approved-by-californian-state-assembly/,California's State Assembly has approved a bill calling for digital currency comapnies to be regulated in a similar way to banks.
2015-09,Final BitLicense Proves Divisive Milestone in US Bitcoin Regulation,https://web.archive.org/web/20150907184618/http://www.coindesk.com/bitlicense-divisive-milestone-bitcoin-regulation/,"With the passage of New York's final BitLicense proposal, CoinDesk seeks responses from the digital currency community on the law and its impact."
2015-09,Inside New Jersey's Proposed Digital Currency Jobs Creation Act,https://web.archive.org/web/20150907184618/http://www.coindesk.com/new-jersey-digital-currency-job-creation-act/,A bill submitted to the New Jersey legislature proposes tax incentives for digital currency businesses that support local jobs.
2015-09,"Core Devs, Bankers and the FBI: What Not to Miss at Consensus 2015",https://web.archive.org/web/20150907184618/http://www.coindesk.com/core-devs-bankers-and-the-fbi-what-not-to-miss-at-consensus-2015/,
2015-09,Why Bitcoin Creates a Voluntary Tax System,https://web.archive.org/web/20150907184618/http://www.coindesk.com/why-bitcoin-creates-a-voluntary-tax-system/,
2015-09,Why the Future of Bitcoin Lies in Europe,https://web.archive.org/web/20150907184618/http://www.coindesk.com/why-the-future-of-bitcoin-lies-in-europe/,
2015-09,Bitcoin in the Headlines: Queen of the Blockchain,https://web.archive.org/web/20150907184618/http://www.coindesk.com/bitcoin-in-the-headlines-queen-of-the-blockchain/,
2015-09,Sync.com Now Accepts Bitcoin For Encrypted Cloud Storage and File Sharing,https://web.archive.org/web/20150907184618/http://www.coindesk.com/press-releases/sync-com-accepts-bitcoin-encrypted-cloud-storage/,
2015-09,Accenture: UK Government Should Regulate Bitcoin Wallets,https://web.archive.org/web/20150908050724/http://www.coindesk.com/accenture-uk-government-should-regulate-bitcoin-wallets/,"The UK government should apply regulation to bitcoin wallets, multinational management consulting company Accenture has advised."
2015-09,Will the New UK Government Create a Bitcoin Hub?,https://web.archive.org/web/20150908050724/http://www.coindesk.com/will-the-new-uk-government-create-a-bitcoin-hub/,What might the new UK government's plans for bitcoin regulation look like and is it capable of creating a bitcoin hub?
2015-09,Bitcoin Regulation Remains on Agenda for California Agency,https://web.archive.org/web/20150908050724/http://www.coindesk.com/bitcoin-regulation-remains-agenda-california-agency/,California's money transmitter regulator released conflicting statements today regarding how bitcoin regulation will move forward in the state.
2015-09,North Carolina House Seeks Oversight of Bitcoin Activities,https://web.archive.org/web/20150908050724/http://www.coindesk.com/north-carolina-representatives-pass-bitcoin-bill-by-wide-margin/,A bill calling for specific regulation of digital currencies has been approved by the North Carolina House of Representatives.
2015-09,ItBit CEO: Bitcoin Can't Circumvent the Financial System,https://web.archive.org/web/20150908050724/http://www.coindesk.com/itbit-ceo-bitcoin-circumvent-financial-system/,ItBit CEO Charles Cascarilla discusses his company's market strategy following its $25m fundraising and US market launch.
2015-09,Connecticut Bill Seeks Additional Requirements for Bitcoin MSBs,https://web.archive.org/web/20150908050724/http://www.coindesk.com/connecticut-bill-seeks-additional-requirements-for-bitcoin-msbs/,The Connecticut House of Representatives has passed a bill that would impose additional restrictions on MSBs that offer digital services.
2015-09,Spanish Bitcoin Community Celebrates Bitcoin's VAT Exemption,https://web.archive.org/web/20150908050724/http://www.coindesk.com/spanish-bitcoin-community-celebrate-bitcoins-vat-exemption/,Spain's bitcoin community is celebrating following confirmation that the cryptocurrency is exempt from Value Added Tax (VAT) in the country.
2015-09,EU Securities Watchdog Calls for Information on Blockchain Tech,https://web.archive.org/web/20150908050724/http://www.coindesk.com/eu-securities-watchdog-calls-for-information-on-blockchain-tech/,"The EU's securities watchdog has issued a call for evidence to ascertain if and when blockchain technology can ""enter the financial mainstream""."
2015-09,Lawsky: BitLicense Will Be Finalized By End of May,https://web.archive.org/web/20150908050724/http://www.coindesk.com/lawsky-bitlicense-will-be-finalized-by-end-of-may/,
2015-09,"Core Devs, Bankers and the FBI: What Not to Miss at Consensus 2015",https://web.archive.org/web/20150908050724/http://www.coindesk.com/core-devs-bankers-and-the-fbi-what-not-to-miss-at-consensus-2015/,
2015-09,Why Bitcoin Creates a Voluntary Tax System,https://web.archive.org/web/20150908050724/http://www.coindesk.com/why-bitcoin-creates-a-voluntary-tax-system/,
2015-09,Why the Future of Bitcoin Lies in Europe,https://web.archive.org/web/20150908050724/http://www.coindesk.com/why-the-future-of-bitcoin-lies-in-europe/,
2015-09,Bitcoin in the Headlines: Queen of the Blockchain,https://web.archive.org/web/20150908050724/http://www.coindesk.com/bitcoin-in-the-headlines-queen-of-the-blockchain/,
2015-09,Sync.com Now Accepts Bitcoin For Encrypted Cloud Storage and File Sharing,https://web.archive.org/web/20150908050724/http://www.coindesk.com/press-releases/sync-com-accepts-bitcoin-encrypted-cloud-storage/,
2015-09,Lawsky: BitLicense Will Be Finalized By End of May,https://web.archive.org/web/20150910145207/http://www.coindesk.com/lawsky-bitlicense-will-be-finalized-by-end-of-may/,More than 70 digital currency industry businesses and execs are backing a petition meant to ease onerous components of New York's BitLicense.
2015-09,Bitcoin Advocates Back Petition for BitLicense Safe Harbor Provision,https://web.archive.org/web/20150910145207/http://www.coindesk.com/bitcoin-petition-bitlicense-safe-harbor/,More than 70 digital currency industry businesses and execs are backing a petition meant to ease onerous components of New York's BitLicense.
2015-09,Financial Watchdog Rethinks AML Guidance for Banks and Bitcoin,https://web.archive.org/web/20150910145207/http://www.coindesk.com/financial-watchdog-fatf-wants-to-help-bitcoin-businesses-with-risk-based-approach/,The Financial Action Task Force (FATF) has taken note of the issues hindering partnerships between bitcoin businesses and banks.
2015-09,Isle of Man Introduces Regulation for Bitcoin Businesses,https://web.archive.org/web/20150910145207/http://www.coindesk.com/isle-of-man-introduces-regulation-for-bitcoin-businesses/,Digital currency businesses will have to comply with the Isle of Man's anti-money-laundering laws from 1st April.
2015-09,Startups Speak Out on Russia's Looming Bitcoin Ban,https://web.archive.org/web/20150910145207/http://www.coindesk.com/startups-speak-out-russia-bitcoin-ban/,"As Russia prepares for a forthcoming decision on bitcoin's legal status, current and former entrepreneurs weigh in on their market strategy."
2015-09,Bitcoin in the Headlines: UK Regulation Trumps Dark Market Collapse,https://web.archive.org/web/20150910145207/http://www.coindesk.com/bitcoin-in-the-headlines-uk-regulation-trumps-dark-market-collapse/,CoinDesk has taken a look at the top bitcoin headlines across the globe.
2015-09,UK's Plans to Regulate Bitcoin Revealed in Treasury Report,https://web.archive.org/web/20150910145207/http://www.coindesk.com/breaking-uk-treasury-issues-landmark-digital-currencies-report/,The UK Treasury has announced a series of initiatives dealing with digital currency in a landmark report published in conjunction with the Chancellor…
2015-09,Top Global Law Firm: Virtual Currency is Here to Stay,https://web.archive.org/web/20150910145207/http://www.coindesk.com/top-global-law-firm-virtual-currency-is-here-to-stay/,"Cryptocurrency's advantages mean it's unlikely to completely go away, says a partner at one of the largest and most prestigious law firms in the US."
2015-09,Why Bitcoin Regulation Lags Where it's Needed Most,https://web.archive.org/web/20150910145207/http://www.coindesk.com/why-bitcoin-regulation-lags-where-its-needed-most/,"Africa has significant market potential for bitcoin companies, but its challenging regulatory environment is deterring development."
2015-09,US Bank Regulator: Virtual Currencies Could Be 'Revolutionary',https://web.archive.org/web/20150910145207/http://www.coindesk.com/us-bank-regulator-virtual-currencies-could-be-revolutionary/,"Speaking before the Institute of International Bankers this week, the US Comptroller of the Currency discussed virtual currency."
2015-09,Digital Currency Crimes Chief: DOJ Has No Bitcoin Agenda,https://web.archive.org/web/20150910145207/http://www.coindesk.com/digital-currency-crimes-doj-bitcoin/,
2015-09,Can Bitcoin Make a Difference in the Global Aid Sector?,https://web.archive.org/web/20150910145207/http://www.coindesk.com/can-bitcoin-make-a-difference-in-the-global-aid-sector/,
2015-09,FOXBIT Launches 'Bitcoin For Peace' Campaign,https://web.archive.org/web/20150910145207/http://www.coindesk.com/press-releases/foxbit-campaign-bitcoin-for-peace/,
2015-09,Bitcove.ie Provides Bitcoin to the Emerald Isle,https://web.archive.org/web/20150910145207/http://www.coindesk.com/press-releases/bitcove-ie-bitcoin-emerald-isle/,
2015-09,Sync.com Now Accepts Bitcoin For Encrypted Cloud Storage and File Sharing,https://web.archive.org/web/20150910145207/http://www.coindesk.com/press-releases/sync-com-accepts-bitcoin-encrypted-cloud-storage/,
2015-09,Andreas Antonopoulos Makes Case for Bitcoin Before Australian Senate,https://web.archive.org/web/20150913011932/http://www.coindesk.com/andreas-antonopoulos-makes-case-for-bitcoin-before-australian-senate/,Bitcoin evangelist Andreas M Antonopoulos has appeared before the Australian Senate  to make the case for bitcoin.
2015-09,California Bill Proposes License Requirement for Bitcoin Businesses,https://web.archive.org/web/20150913011932/http://www.coindesk.com/california-bill-license-require-bitcoin-business/,A bill introduced to the California legislature aims to bring virtual currency businesses more clearly under the state’s Money Transmission Act.
2015-09,Commonwealth Secretariat Commissions Bitcoin Report for Developing Nations,https://web.archive.org/web/20150913011932/http://www.coindesk.com/commonwealth-secretariat-bitcoin-meeting-report/,A two-day event that brought together representatives from the Commonwealth Secretariat has ended with the commission of a formal bitcoin report.
2015-09,New Hampshire Lawmakers Debate Accepting Bitcoin for Tax Payments,https://web.archive.org/web/20150913011932/http://www.coindesk.com/new-hampshire-bitcoin-tax-payments/,Hearings conducted by the New Hampshire General Court last week focused on a proposed bill that would allow bitcoin payments for state taxes and fees.
2015-09,Bitcoin ATM Shutdown Spotlights Regulatory Uncertainty in Vermont,https://web.archive.org/web/20150913011932/http://www.coindesk.com/bitcoin-atm-shutdown-regulation-vermont/,The shutdown of a bitcoin ATM in Vermont has prompted larger questions about financial regulation in the state.
2015-09,Commonwealth Secretariat to Explore Bitcoin in the Developing World,https://web.archive.org/web/20150913011932/http://www.coindesk.com/commonwealth-secretariat-bitcoin-developing-world/,The Commonwealth Secretariat is set to hold a hearing on digital currencies to discuss how the technology might benefit the developing world.
2015-09,"Québec Mandates Bitcoin ATMs, Trading Platforms Obtain Licenses",https://web.archive.org/web/20150913011932/http://www.coindesk.com/quebec-province-bitcoin-regulation/,Québec has enacted new policies that mandate virtual currency ATM operators and virtual currency trading platforms obtain a license.
2015-09,Former US Treasury Secretary: Bitcoin Needs More Than Math to Succeed,https://web.archive.org/web/20150913011932/http://www.coindesk.com/former-us-treasury-secretary-bitcoin-regulation/,Former US Treasury Secretary Lawrence Summers has argued bitcoin needs stronger regulation to succeed long term.
2015-09,Italian Central Bank: No AML Requirement for Bitcoin Exchanges,https://web.archive.org/web/20150913011932/http://www.coindesk.com/italian-central-bank-no-aml-requirement-bitcoin-exchanges/,"Digital currency exchanges are not required to comply with anti-money laundering rules, according to new guidance from the Banca d'Italia."
2015-09,Bitcoin in the Headlines: $45 Million Week Snaps Funding Slump,https://web.archive.org/web/20150913011932/http://www.coindesk.com/bitcoin-in-the-headlines-45-million-week-snaps-industry-funding-slump/,
2015-09,Digital Currency Crimes Chief: DOJ Has No Bitcoin Agenda,https://web.archive.org/web/20150913011932/http://www.coindesk.com/digital-currency-crimes-doj-bitcoin/,
2015-09,Can Bitcoin Make a Difference in the Global Aid Sector?,https://web.archive.org/web/20150913011932/http://www.coindesk.com/can-bitcoin-make-a-difference-in-the-global-aid-sector/,
2015-09,FOXBIT Launches 'Bitcoin For Peace' Campaign,https://web.archive.org/web/20150913011932/http://www.coindesk.com/press-releases/foxbit-campaign-bitcoin-for-peace/,
2015-09,Bitcove.ie Provides Bitcoin to the Emerald Isle,https://web.archive.org/web/20150913011932/http://www.coindesk.com/press-releases/bitcove-ie-bitcoin-emerald-isle/,
2015-09,Bitcoin ATM Shutdown Spotlights Regulatory Uncertainty in Vermont,https://web.archive.org/web/20150919045132/http://www.coindesk.com/bitcoin-atm-shutdown-regulation-vermont/,The shutdown of a bitcoin ATM in Vermont has prompted larger questions about financial regulation in the state.
2015-09,Commonwealth Secretariat to Explore Bitcoin in the Developing World,https://web.archive.org/web/20150919045132/http://www.coindesk.com/commonwealth-secretariat-bitcoin-developing-world/,The Commonwealth Secretariat is set to hold a hearing on digital currencies to discuss how the technology might benefit the developing world.
2015-09,"Québec Mandates Bitcoin ATMs, Trading Platforms Obtain Licenses",https://web.archive.org/web/20150919045132/http://www.coindesk.com/quebec-province-bitcoin-regulation/,Québec has enacted new policies that mandate virtual currency ATM operators and virtual currency trading platforms obtain a license.
2015-09,Former US Treasury Secretary: Bitcoin Needs More Than Math to Succeed,https://web.archive.org/web/20150919045132/http://www.coindesk.com/former-us-treasury-secretary-bitcoin-regulation/,Former US Treasury Secretary Lawrence Summers has argued bitcoin needs stronger regulation to succeed long term.
2015-09,Italian Central Bank: No AML Requirement for Bitcoin Exchanges,https://web.archive.org/web/20150919045132/http://www.coindesk.com/italian-central-bank-no-aml-requirement-bitcoin-exchanges/,"Digital currency exchanges are not required to comply with anti-money laundering rules, according to new guidance from the Banca d'Italia."
2015-09,New Jersey State Legislature to Hold Bitcoin Hearing,https://web.archive.org/web/20150919045132/http://www.coindesk.com/new-jersey-state-legislature-convenes-hearing-digital-currencies/,EU rules requiring merchants to record the country of residence of their customers could be bad news for pseudonymous payments systems like bitcoin.
2015-09,New EU Legislation on VAT Could Be Bad News for Bitcoin,https://web.archive.org/web/20150919045132/http://www.coindesk.com/new-eu-legislation-vat-bad-news-bitcoin/,EU rules requiring merchants to record the country of residence of their customers could be bad news for pseudonymous payments systems like bitcoin.
2015-09,Isle of Man eBusiness Chief: Bitcoin Legislation Coming This Year,https://web.archive.org/web/20150919045132/http://www.coindesk.com/isle-of-man-bitcoin-regulation-2015/,CoinDesk speaks to the Isle of Man’s head of digital development about how the UK dependency is pressing forward with bitcoin-friendly regulation.
2015-09,CoinDesk's Regulation Sentiment Survey,https://web.archive.org/web/20150919045132/http://www.coindesk.com/coindesks-regulation-sentiment-survey/,CoinDesk wants to hear directly from our readers about where they stand on the topic of bitcoin regulation.
2015-09,Manhattan DA: We’re Watching Regulated Exchanges With ‘Immense Interest’,https://web.archive.org/web/20150919045132/http://www.coindesk.com/manhattan-da-watching-regulated-exchanges-immense-interest/,Manhattan district attorney Cyrus R Vance Jr has issued new remarks regarding his agency's interests in the bitcoin exchange space.
2015-09,Researchers Tackle Tomorrow's Blockchain Problems With Bitcoin-NG,https://web.archive.org/web/20150919045132/http://www.coindesk.com/cornell-research-blockchain-problems-bitcoin-ng/,
2015-09,"Bitcoin in the Headlines: Blockchain Good, Bitcoin Bad",https://web.archive.org/web/20150919045132/http://www.coindesk.com/bitcoin-in-the-headlines-blockchain-good-bitcoin-bad/,
2015-09,Bitcoin's Future Moves Into Focus at Scaling Bitcoin Day 2,https://web.archive.org/web/20150919045132/http://www.coindesk.com/bitcoins-future-moves-into-focus-at-scaling-bitcoin-day-2/,
2015-09,Storj Network passes 1 Petabyte storage space in second round of testing,https://web.archive.org/web/20150919045132/http://www.coindesk.com/press-releases/storj-network-passes-1-petabyte-storage-space/,
2015-09,Lawsky Outlines Revisions to New York's BitLicense in DC Speech,https://web.archive.org/web/20150910021724/http://www.coindesk.com/lawsky-outlines-revisions-new-yorks-bitlicense-dc-speech/,Ben Lawsky announced the latest revisions to the proposed New York BitLicense at a panel event in Washington.
2015-09,US State Bank Supervisors Issue Model Regulation for Digital Currencies,https://web.archive.org/web/20150910021724/http://www.coindesk.com/us-state-bank-supervisors-issue-model-regulation-digital-currencies/,The Conference of State Bank Supervisors has drafted guidance for regulating digital currency activity
2015-09,Australian Regulator: Bitcoin is Not a Financial Product,https://web.archive.org/web/20150910021724/http://www.coindesk.com/australian-regulator-bitcoin-financial-product/,The Australian Securities and Investments Commission has issued temporary guidance for bitcoin businesses.
2015-09,Why Bitcoin Needs Lawyers to Bridge the Technology Gap,https://web.archive.org/web/20150910021724/http://www.coindesk.com/bitcoin-needs-lawyers-bridge-technology-gap/,"As bitcoin continues to be taken more seriously by banks and regulators, the industry needs lawyers to help smooth out bumps on its way to mainstream."
2015-09,The Future of a Commodity: Bitcoin Regulation and the CFTC,https://web.archive.org/web/20150910021724/http://www.coindesk.com/future-commodity-bitcoin-regulation-cftc/,The US Commodities Futures Trading Commission has made clear that bitcoin falls under its jurisdiction – what would regulation under CFTC look…
2015-09,"Evolution, Not Revolution: How to Sell Bitcoin to Regulators",https://web.archive.org/web/20150910021724/http://www.coindesk.com/evolution-revolution-sell-bitcoin-regulators/,"Promoting bitcoin as a revolution is not likely to bring advantageous regulation – informed dialogue is the way to go, says Amor Sexton."
2015-09,California to Debate Bitcoin Regulation at December Meeting,https://web.archive.org/web/20150910021724/http://www.coindesk.com/california-debate-bitcoin-regulation-december-meeting/,California's Department of Business Oversight will hold a meeting this month to determine if the agency should regulate bitcoin businesses.
2015-09,MasterCard Seeks 'Level Playing Field' for Bitcoin Regulation,https://web.archive.org/web/20150910021724/http://www.coindesk.com/mastercard-seeks-level-playing-field-bitcoin-regulation/,"MasterCard has spoken out against bitcoin's perceived risks and called for a regulatory ""level playing field"" for payments systems including bitcoin."
2015-09,Coinbase Enables Instant Bitcoin Trades with New USD Wallets,https://web.archive.org/web/20150910021724/http://www.coindesk.com/coinbase-enables-instant-bitcoin-trades-new-usd-wallets/,Coinbase now allows account holders in 16 US jurisdictions to maintain US dollar balances for instant bitcoin trades.
2015-09,Bitcoin Needs an Aggressive Legal Defense,https://web.archive.org/web/20150910021724/http://www.coindesk.com/bitcoin-needs-aggressive-legal-defense/,"Bitcoin requires forceful and aggressive legal defense, not complicity with governments in crafting policy and regulations."
2015-09,Can Bitcoin Make a Difference in the Global Aid Sector?,https://web.archive.org/web/20150910021724/http://www.coindesk.com/can-bitcoin-make-a-difference-in-the-global-aid-sector/,
2015-09,"Core Devs, Bankers and the FBI: What Not to Miss at Consensus 2015",https://web.archive.org/web/20150910021724/http://www.coindesk.com/core-devs-bankers-and-the-fbi-what-not-to-miss-at-consensus-2015/,
2015-09,FOXBIT Launches 'Bitcoin For Peace' Campaign,https://web.archive.org/web/20150910021724/http://www.coindesk.com/press-releases/foxbit-campaign-bitcoin-for-peace/,
2015-09,Bitcove.ie Provides Bitcoin to the Emerald Isle,https://web.archive.org/web/20150910021724/http://www.coindesk.com/press-releases/bitcove-ie-bitcoin-emerald-isle/,
2015-09,Sync.com Now Accepts Bitcoin For Encrypted Cloud Storage and File Sharing,https://web.archive.org/web/20150910021724/http://www.coindesk.com/press-releases/sync-com-accepts-bitcoin-encrypted-cloud-storage/,
2018-08,The SEC Will Decide on 9 Bitcoin ETFs in the Next 2 Months,https://web.archive.org/web/20180813183848/https://www.coindesk.com/the-sec-will-decide-on-9-bitcoin-etfs-in-the-next-2-months/,The SEC is set to make final decisions on nine proposed bitcoin exchange-traded funds (ETFs) in the next two months.
2018-08,"Among Blockchain-Friendly Jurisdictions, Malta Stands Out",https://web.archive.org/web/20180813183848/https://www.coindesk.com/among-blockchain-friendly-jurisdictions-malta-stands-out/,Malta is writing laws for tomorrow's economy rather than trying to impose yesterday's rules upon it. Consider the way it is legally recognizing DAOs.
2018-08,Thailand Targets New Crypto Taxes While Others Move to Ease Burdens,https://web.archive.org/web/20180813183848/https://www.coindesk.com/thailand-targets-new-crypto-taxes-others-move-ease-burdens/,A weekly roundup of regulatory moves by different nations and agencies.
2018-08,These ICO Investors Are Getting Their Money Back – And It's Not Clear Why,https://web.archive.org/web/20180813183848/https://www.coindesk.com/ico-investors-getting-money-back-not-clear/,Seattle-based Dragonchain appears to be catching up with the rest of the blockchain industry as it pivots to cautiousness over U.S. regulation.
2018-08,A G20 Crypto Policy? Let's Hope It's a Pipe Dream,https://web.archive.org/web/20180813183848/https://www.coindesk.com/g20-crypto-policy-lets-hope-pipe-dream/,The world's economic leaders are seeking a globally coordinated policy on cryptocurrencies. This could take a while. But that may be just as well.
2018-08,"Maryland Bills Call for Study, Possible Regulation of Blockchain",https://web.archive.org/web/20180813183848/https://www.coindesk.com/maryland-bills-call-study-possible-regulation-blockchain/,Maryland's proposed Financial Consumer Protection Act would represent the U.S. state's first regulatory pronouncements on cryptocurrency since 2014.
2018-08,"Crypto Millionaire Lost 5,500 Bitcoins in Alleged Investment Scam",https://web.archive.org/web/20180813183848/https://www.coindesk.com/crypto-millionaire-lost-5500-bitcoins-in-alleged-investment-scam/,
2018-08,How Crypto Reacted to This Week's SEC Bitcoin ETF Delay,https://web.archive.org/web/20180813183848/https://www.coindesk.com/no-surprise-here-crypto-yawns-as-sec-kicks-can-on-bitcoin-etf-decision/,
